account_id,classification,n_matches,overall_win_rate,changepoints,shift_details,flagged_at
225903427,class4_candidate_downward_shift,7892,0.509,[265],"[{'match_index': 265, 'win_rate_before': 0.625, 'win_rate_after': 0.475, 'shift': -0.15}]",2026-07-13T21:42:31.216862+00:00
196642176,class2_3_candidate_upward_shift,1659,0.574,[1480],"[{'match_index': 1480, 'win_rate_before': 0.55, 'win_rate_after': 0.725, 'shift': 0.175}]",2026-07-13T21:42:44.875584+00:00
207881417,class5_candidate_persistent_underperformance,189,0.376,[],[],2026-07-13T21:43:41.254588+00:00
198550128,class2_3_candidate_upward_shift,4048,0.513,"[2895, 2950]","[{'match_index': 2895, 'win_rate_before': 0.55, 'win_rate_after': 0.925, 'shift': 0.375}, {'match_index': 2950, 'win_rate_before': 0.925, 'win_rate_after': 0.425, 'shift': -0.5}]",2026-07-13T21:44:27.333162+00:00
317025162,class2_3_candidate_upward_shift,2494,0.485,"[560, 630]","[{'match_index': 560, 'win_rate_before': 0.475, 'win_rate_after': 0.825, 'shift': 0.35}, {'match_index': 630, 'win_rate_before': 0.85, 'win_rate_after': 0.3, 'shift': -0.55}]",2026-07-13T21:46:14.135247+00:00
394317603,class2_3_candidate_upward_shift,2336,0.494,"[1930, 1990]","[{'match_index': 1930, 'win_rate_before': 0.425, 'win_rate_after': 0.875, 'shift': 0.45}, {'match_index': 1990, 'win_rate_before': 0.825, 'win_rate_after': 0.275, 'shift': -0.55}]",2026-07-13T21:50:41.599250+00:00
876683771,class2_3_candidate_upward_shift,1232,0.525,"[425, 660]","[{'match_index': 425, 'win_rate_before': 0.45, 'win_rate_after': 0.925, 'shift': 0.475}, {'match_index': 660, 'win_rate_before': 0.6, 'win_rate_after': 0.475, 'shift': -0.125}]",2026-07-13T21:50:47.783221+00:00
306792266,class2_3_candidate_upward_shift,189,0.545,[50],"[{'match_index': 50, 'win_rate_before': 0.325, 'win_rate_after': 0.675, 'shift': 0.35}]",2026-07-13T21:52:14.292514+00:00
364831686,class4_candidate_downward_shift,5812,0.508,[115],"[{'match_index': 115, 'win_rate_before': 0.7, 'win_rate_after': 0.55, 'shift': -0.15}]",2026-07-13T21:52:32.748465+00:00
207850115,class4_candidate_downward_shift,381,0.546,[280],"[{'match_index': 280, 'win_rate_before': 0.6, 'win_rate_after': 0.375, 'shift': -0.225}]",2026-07-13T21:52:33.123174+00:00
136546277,class4_candidate_downward_shift,2489,0.511,"[1390, 1635]","[{'match_index': 1390, 'win_rate_before': 0.525, 'win_rate_after': 0.25, 'shift': -0.275}, {'match_index': 1635, 'win_rate_before': 0.325, 'win_rate_after': 0.65, 'shift': 0.325}]",2026-07-13T21:52:41.828855+00:00
329908602,class4_candidate_downward_shift,1602,0.557,[70],"[{'match_index': 70, 'win_rate_before': 0.9, 'win_rate_after': 0.6, 'shift': -0.3}]",2026-07-13T21:54:27.834026+00:00
445614739,class2_3_candidate_upward_shift,657,0.554,[340],"[{'match_index': 340, 'win_rate_before': 0.425, 'win_rate_after': 0.675, 'shift': 0.25}]",2026-07-13T21:56:54.926422+00:00
312501036,class2_3_candidate_upward_shift,441,0.463,"[80, 175]","[{'match_index': 80, 'win_rate_before': 0.5, 'win_rate_after': 0.875, 'shift': 0.375}, {'match_index': 175, 'win_rate_before': 0.825, 'win_rate_after': 0.4, 'shift': -0.425}]",2026-07-13T21:57:16.526842+00:00
169329476,class4_candidate_downward_shift,889,0.561,[485],"[{'match_index': 485, 'win_rate_before': 0.675, 'win_rate_after': 0.5, 'shift': -0.175}]",2026-07-13T21:57:16.911674+00:00
117867918,class4_candidate_downward_shift,603,0.527,[365],"[{'match_index': 365, 'win_rate_before': 0.625, 'win_rate_after': 0.275, 'shift': -0.35}]",2026-07-13T21:57:34.987795+00:00
335178533,class2_3_candidate_upward_shift,1697,0.541,[1235],"[{'match_index': 1235, 'win_rate_before': 0.5, 'win_rate_after': 0.65, 'shift': 0.15}]",2026-07-13T21:57:44.235318+00:00
139986621,class2_3_candidate_upward_shift,863,0.533,[765],"[{'match_index': 765, 'win_rate_before': 0.45, 'win_rate_after': 0.925, 'shift': 0.475}]",2026-07-13T22:00:59.892916+00:00
450700990,class2_3_candidate_upward_shift,1487,0.562,"[920, 1005]","[{'match_index': 920, 'win_rate_before': 0.45, 'win_rate_after': 0.775, 'shift': 0.325}, {'match_index': 1005, 'win_rate_before': 0.9, 'win_rate_after': 0.6, 'shift': -0.3}]",2026-07-13T22:01:00.455978+00:00
446793214,class5_candidate_persistent_underperformance,189,0.439,[],[],2026-07-13T22:03:24.831076+00:00
248611551,class4_candidate_downward_shift,3113,0.526,"[2870, 2935, 3005]","[{'match_index': 2870, 'win_rate_before': 0.475, 'win_rate_after': 0.225, 'shift': -0.25}, {'match_index': 2935, 'win_rate_before': 0.275, 'win_rate_after': 0.85, 'shift': 0.575}, {'match_index': 3005, 'win_rate_before': 0.8, 'win_rate_after': 0.325, 'shift': -0.475}]",2026-07-13T22:05:46.805781+00:00
1219005651,class2_3_candidate_upward_shift,1196,0.54,"[125, 310, 415, 630]","[{'match_index': 125, 'win_rate_before': 0.45, 'win_rate_after': 0.85, 'shift': 0.4}, {'match_index': 310, 'win_rate_before': 0.575, 'win_rate_after': 0.225, 'shift': -0.35}, {'match_index': 415, 'win_rate_before': 0.25, 'win_rate_after': 0.8, 'shift': 0.55}, {'match_index': 630, 'win_rate_before': 0.75, 'win_rate_after': 0.45, 'shift': -0.3}]",2026-07-13T22:08:56.852362+00:00
251137268,class2_3_candidate_upward_shift,397,0.484,"[45, 145]","[{'match_index': 45, 'win_rate_before': 0.325, 'win_rate_after': 0.75, 'shift': 0.425}, {'match_index': 145, 'win_rate_before': 0.775, 'win_rate_after': 0.375, 'shift': -0.4}]",2026-07-13T22:08:59.199489+00:00
314554951,class4_candidate_downward_shift,1317,0.515,[415],"[{'match_index': 415, 'win_rate_before': 0.625, 'win_rate_after': 0.35, 'shift': -0.275}]",2026-07-13T22:08:59.994940+00:00
111361153,class5_candidate_persistent_underperformance,373,0.442,[],[],2026-07-13T22:09:00.092121+00:00
463381936,class2_3_candidate_upward_shift,1161,0.444,[80],"[{'match_index': 80, 'win_rate_before': 0.225, 'win_rate_after': 0.525, 'shift': 0.3}]",2026-07-13T22:09:02.732704+00:00
254020225,class4_candidate_downward_shift,3327,0.487,"[530, 780, 2855, 2940]","[{'match_index': 530, 'win_rate_before': 0.65, 'win_rate_after': 0.35, 'shift': -0.3}, {'match_index': 780, 'win_rate_before': 0.175, 'win_rate_after': 0.575, 'shift': 0.4}, {'match_index': 2855, 'win_rate_before': 0.35, 'win_rate_after': 0.775, 'shift': 0.425}, {'match_index': 2940, 'win_rate_before': 0.8, 'win_rate_after': 0.425, 'shift': -0.375}]",2026-07-13T22:12:14.166287+00:00
211912823,class4_candidate_downward_shift,3707,0.517,"[2610, 3660]","[{'match_index': 2610, 'win_rate_before': 0.55, 'win_rate_after': 0.4, 'shift': -0.15}, {'match_index': 3660, 'win_rate_before': 0.3, 'win_rate_after': 0.85, 'shift': 0.55}]",2026-07-13T22:15:43.156483+00:00
272074928,class2_3_candidate_upward_shift,1959,0.527,"[180, 430]","[{'match_index': 180, 'win_rate_before': 0.35, 'win_rate_after': 0.775, 'shift': 0.425}, {'match_index': 430, 'win_rate_before': 0.675, 'win_rate_after': 0.425, 'shift': -0.25}]",2026-07-13T22:15:45.195070+00:00
1006895960,class5_candidate_persistent_underperformance,525,0.45,[],[],2026-07-13T22:16:28.177176+00:00
276433662,class2_3_candidate_upward_shift,2814,0.486,"[2505, 2570]","[{'match_index': 2505, 'win_rate_before': 0.4, 'win_rate_after': 0.875, 'shift': 0.475}, {'match_index': 2570, 'win_rate_before': 0.9, 'win_rate_after': 0.375, 'shift': -0.525}]",2026-07-13T22:20:27.608802+00:00
410273118,class4_candidate_downward_shift,324,0.444,[145],"[{'match_index': 145, 'win_rate_before': 0.65, 'win_rate_after': 0.375, 'shift': -0.275}]",2026-07-13T22:20:27.640725+00:00
187778250,class2_3_candidate_upward_shift,1636,0.498,"[985, 1030]","[{'match_index': 985, 'win_rate_before': 0.5, 'win_rate_after': 0.925, 'shift': 0.425}, {'match_index': 1030, 'win_rate_before': 0.9, 'win_rate_after': 0.525, 'shift': -0.375}]",2026-07-13T22:23:36.249094+00:00
1003619544,class5_candidate_persistent_underperformance,119,0.37,[],[],2026-07-13T22:23:36.249094+00:00
347144837,class4_candidate_downward_shift,3487,0.512,[390],"[{'match_index': 390, 'win_rate_before': 0.7, 'win_rate_after': 0.4, 'shift': -0.3}]",2026-07-13T22:24:56.269292+00:00
207193774,class4_candidate_downward_shift,2103,0.524,[115],"[{'match_index': 115, 'win_rate_before': 0.8, 'win_rate_after': 0.5, 'shift': -0.3}]",2026-07-13T22:25:25.190660+00:00
250176432,class4_candidate_downward_shift,1308,0.519,[485],"[{'match_index': 485, 'win_rate_before': 0.675, 'win_rate_after': 0.425, 'shift': -0.25}]",2026-07-13T22:36:11.146137+00:00
414943343,class2_3_candidate_upward_shift,561,0.444,[55],"[{'match_index': 55, 'win_rate_before': 0.175, 'win_rate_after': 0.5, 'shift': 0.325}]",2026-07-13T22:37:11.595947+00:00
170436793,class4_candidate_downward_shift,1391,0.501,[1160],"[{'match_index': 1160, 'win_rate_before': 0.575, 'win_rate_after': 0.325, 'shift': -0.25}]",2026-07-13T22:37:57.629656+00:00
879902734,class4_candidate_downward_shift,4142,0.497,[190],"[{'match_index': 190, 'win_rate_before': 0.6, 'win_rate_after': 0.3, 'shift': -0.3}]",2026-07-13T22:38:29.080274+00:00
195857929,class2_3_candidate_upward_shift,2052,0.47,[985],"[{'match_index': 985, 'win_rate_before': 0.325, 'win_rate_after': 0.575, 'shift': 0.25}]",2026-07-13T22:39:19.231815+00:00
311329644,class2_3_candidate_upward_shift,1895,0.563,"[735, 935, 1260]","[{'match_index': 735, 'win_rate_before': 0.425, 'win_rate_after': 0.7, 'shift': 0.275}, {'match_index': 935, 'win_rate_before': 0.75, 'win_rate_after': 0.4, 'shift': -0.35}, {'match_index': 1260, 'win_rate_before': 0.35, 'win_rate_after': 0.675, 'shift': 0.325}]",2026-07-13T22:39:50.842173+00:00
433677493,class4_candidate_downward_shift,3731,0.528,[1700],"[{'match_index': 1700, 'win_rate_before': 0.75, 'win_rate_after': 0.4, 'shift': -0.35}]",2026-07-13T22:41:15.985384+00:00
329630345,class4_candidate_downward_shift,595,0.531,[365],"[{'match_index': 365, 'win_rate_before': 0.6, 'win_rate_after': 0.4, 'shift': -0.2}]",2026-07-13T22:44:25.645389+00:00
856588422,class5_candidate_persistent_underperformance,173,0.434,[],[],2026-07-13T22:46:46.065377+00:00
366870687,class4_candidate_downward_shift,3291,0.527,[170],"[{'match_index': 170, 'win_rate_before': 0.775, 'win_rate_after': 0.575, 'shift': -0.2}]",2026-07-13T22:47:37.717164+00:00
162915324,class5_candidate_persistent_underperformance,406,0.411,[],[],2026-07-13T22:49:36.995241+00:00
137102008,class2_3_candidate_upward_shift,1443,0.473,"[265, 1195]","[{'match_index': 265, 'win_rate_before': 0.3, 'win_rate_after': 0.55, 'shift': 0.25}, {'match_index': 1195, 'win_rate_before': 0.6, 'win_rate_after': 0.325, 'shift': -0.275}]",2026-07-13T22:50:11.052814+00:00
227936625,class2_3_candidate_upward_shift,3570,0.51,[3455],"[{'match_index': 3455, 'win_rate_before': 0.375, 'win_rate_after': 0.725, 'shift': 0.35}]",2026-07-13T22:50:18.897065+00:00
365856546,class5_candidate_persistent_underperformance,218,0.417,[],[],2026-07-13T22:50:19.486417+00:00
339968448,class5_candidate_persistent_underperformance,377,0.424,[],[],2026-07-13T22:50:19.551157+00:00
191106234,class4_candidate_downward_shift,403,0.516,[175],"[{'match_index': 175, 'win_rate_before': 0.675, 'win_rate_after': 0.4, 'shift': -0.275}]",2026-07-13T22:50:41.788883+00:00
206048051,class2_3_candidate_upward_shift,566,0.627,"[60, 305]","[{'match_index': 60, 'win_rate_before': 0.575, 'win_rate_after': 0.875, 'shift': 0.3}, {'match_index': 305, 'win_rate_before': 0.775, 'win_rate_after': 0.525, 'shift': -0.25}]",2026-07-13T22:51:37.191215+00:00
110890934,class5_candidate_persistent_underperformance,152,0.421,[],[],2026-07-13T22:51:39.369144+00:00
82545259,class2_3_candidate_upward_shift,12260,0.498,"[5610, 5750]","[{'match_index': 5610, 'win_rate_before': 0.4, 'win_rate_after': 0.75, 'shift': 0.35}, {'match_index': 5750, 'win_rate_before': 0.725, 'win_rate_after': 0.5, 'shift': -0.225}]",2026-07-13T22:54:19.071064+00:00
111650730,class2_3_candidate_upward_shift,1437,0.503,[1320],"[{'match_index': 1320, 'win_rate_before': 0.45, 'win_rate_after': 0.675, 'shift': 0.225}]",2026-07-13T22:54:29.002616+00:00
139464082,class2_3_candidate_upward_shift,4108,0.514,"[2610, 2720]","[{'match_index': 2610, 'win_rate_before': 0.475, 'win_rate_after': 0.825, 'shift': 0.35}, {'match_index': 2720, 'win_rate_before': 0.75, 'win_rate_after': 0.4, 'shift': -0.35}]",2026-07-13T22:55:34.060361+00:00
129633717,class2_3_candidate_upward_shift,2179,0.488,[1850],"[{'match_index': 1850, 'win_rate_before': 0.35, 'win_rate_after': 0.725, 'shift': 0.375}]",2026-07-13T22:55:36.121211+00:00
115133168,class2_3_candidate_upward_shift,7900,0.491,[75],"[{'match_index': 75, 'win_rate_before': 0.225, 'win_rate_after': 0.6, 'shift': 0.375}]",2026-07-13T22:58:16.675463+00:00
312413010,class2_3_candidate_upward_shift,6496,0.5,"[3260, 3305, 4655, 4840]","[{'match_index': 3260, 'win_rate_before': 0.375, 'win_rate_after': 0.925, 'shift': 0.55}, {'match_index': 3305, 'win_rate_before': 0.9, 'win_rate_after': 0.225, 'shift': -0.675}, {'match_index': 4655, 'win_rate_before': 0.5, 'win_rate_after': 0.725, 'shift': 0.225}, {'match_index': 4840, 'win_rate_before': 0.875, 'win_rate_after': 0.35, 'shift': -0.525}]",2026-07-13T23:00:38.413046+00:00
136184411,class5_candidate_persistent_underperformance,517,0.445,[],[],2026-07-13T23:01:23.267778+00:00
153297512,class4_candidate_downward_shift,5049,0.521,[920],"[{'match_index': 920, 'win_rate_before': 0.6, 'win_rate_after': 0.5, 'shift': -0.1}]",2026-07-13T23:01:37.622893+00:00
386402591,class5_candidate_persistent_underperformance,470,0.445,[],[],2026-07-13T23:01:37.791427+00:00
434438184,class4_candidate_downward_shift,2385,0.526,[570],"[{'match_index': 570, 'win_rate_before': 0.575, 'win_rate_after': 0.45, 'shift': -0.125}]",2026-07-13T23:02:42.726805+00:00
371876003,class4_candidate_downward_shift,3149,0.574,[1045],"[{'match_index': 1045, 'win_rate_before': 0.7, 'win_rate_after': 0.4, 'shift': -0.3}]",2026-07-13T23:03:21.437337+00:00
147555369,class4_candidate_downward_shift,5198,0.511,[1045],"[{'match_index': 1045, 'win_rate_before': 0.7, 'win_rate_after': 0.375, 'shift': -0.325}]",2026-07-13T23:04:11.018877+00:00
991626292,class2_3_candidate_upward_shift,4166,0.505,"[685, 810]","[{'match_index': 685, 'win_rate_before': 0.5, 'win_rate_after': 0.85, 'shift': 0.35}, {'match_index': 810, 'win_rate_before': 0.85, 'win_rate_after': 0.475, 'shift': -0.375}]",2026-07-13T23:04:18.762229+00:00
395242493,class2_3_candidate_upward_shift,1949,0.493,"[225, 375]","[{'match_index': 225, 'win_rate_before': 0.475, 'win_rate_after': 0.7, 'shift': 0.225}, {'match_index': 375, 'win_rate_before': 0.775, 'win_rate_after': 0.4, 'shift': -0.375}]",2026-07-13T23:04:46.430694+00:00
294802107,class2_3_candidate_upward_shift,938,0.534,[805],"[{'match_index': 805, 'win_rate_before': 0.45, 'win_rate_after': 0.875, 'shift': 0.425}]",2026-07-13T23:04:58.778701+00:00
225960389,class4_candidate_downward_shift,1334,0.524,[610],"[{'match_index': 610, 'win_rate_before': 0.65, 'win_rate_after': 0.45, 'shift': -0.2}]",2026-07-13T23:08:01.775865+00:00
295404059,class2_3_candidate_upward_shift,1504,0.521,[1315],"[{'match_index': 1315, 'win_rate_before': 0.575, 'win_rate_after': 0.7, 'shift': 0.125}]",2026-07-13T23:08:04.195291+00:00
390940758,class2_3_candidate_upward_shift,450,0.64,[190],"[{'match_index': 190, 'win_rate_before': 0.525, 'win_rate_after': 0.775, 'shift': 0.25}]",2026-07-13T23:08:30.964968+00:00
160248123,class2_3_candidate_upward_shift,937,0.502,"[165, 425]","[{'match_index': 165, 'win_rate_before': 0.425, 'win_rate_after': 0.625, 'shift': 0.2}, {'match_index': 425, 'win_rate_before': 0.75, 'win_rate_after': 0.425, 'shift': -0.325}]",2026-07-13T23:08:32.505379+00:00
1186693478,class5_candidate_persistent_underperformance,158,0.424,[],[],2026-07-13T23:08:32.505379+00:00
150987164,class4_candidate_downward_shift,8725,0.502,[1450],"[{'match_index': 1450, 'win_rate_before': 0.65, 'win_rate_after': 0.5, 'shift': -0.15}]",2026-07-13T23:11:25.353909+00:00
248759973,class4_candidate_downward_shift,2794,0.534,[425],"[{'match_index': 425, 'win_rate_before': 0.7, 'win_rate_after': 0.425, 'shift': -0.275}]",2026-07-13T23:12:42.963453+00:00
139657489,class4_candidate_downward_shift,2903,0.524,[725],"[{'match_index': 725, 'win_rate_before': 0.7, 'win_rate_after': 0.475, 'shift': -0.225}]",2026-07-13T23:14:32.022667+00:00
39085293,class4_candidate_downward_shift,3927,0.494,[260],"[{'match_index': 260, 'win_rate_before': 0.7, 'win_rate_after': 0.375, 'shift': -0.325}]",2026-07-13T23:15:12.581881+00:00
446736680,class4_candidate_downward_shift,1908,0.505,[635],"[{'match_index': 635, 'win_rate_before': 0.675, 'win_rate_after': 0.375, 'shift': -0.3}]",2026-07-13T23:15:36.860821+00:00
330394042,class2_3_candidate_upward_shift,2319,0.502,"[700, 1020, 1275]","[{'match_index': 700, 'win_rate_before': 0.425, 'win_rate_after': 0.75, 'shift': 0.325}, {'match_index': 1020, 'win_rate_before': 0.775, 'win_rate_after': 0.25, 'shift': -0.525}, {'match_index': 1275, 'win_rate_before': 0.225, 'win_rate_after': 0.55, 'shift': 0.325}]",2026-07-13T23:16:05.882059+00:00
1066372849,class5_candidate_persistent_underperformance,166,0.446,[],[],2026-07-13T23:17:13.330429+00:00
871762950,class4_candidate_downward_shift,1584,0.521,"[475, 885, 975, 1425, 1465]","[{'match_index': 475, 'win_rate_before': 0.825, 'win_rate_after': 0.4, 'shift': -0.425}, {'match_index': 885, 'win_rate_before': 0.425, 'win_rate_after': 0.9, 'shift': 0.475}, {'match_index': 975, 'win_rate_before': 0.75, 'win_rate_after': 0.3, 'shift': -0.45}, {'match_index': 1425, 'win_rate_before': 0.5, 'win_rate_after': 0.975, 'shift': 0.475}, {'match_index': 1465, 'win_rate_before': 0.975, 'win_rate_after': 0.45, 'shift': -0.525}]",2026-07-13T23:19:15.040637+00:00
139822084,class5_candidate_persistent_underperformance,425,0.442,[],[],2026-07-13T23:19:15.120778+00:00
15559033,class5_candidate_persistent_underperformance,1460,0.443,[],[],2026-07-13T23:22:12.325726+00:00
138398108,class2_3_candidate_upward_shift,1605,0.515,[1480],"[{'match_index': 1480, 'win_rate_before': 0.45, 'win_rate_after': 0.675, 'shift': 0.225}]",2026-07-13T23:22:27.384167+00:00
192644768,class2_3_candidate_upward_shift,105,0.476,[50],"[{'match_index': 50, 'win_rate_before': 0.375, 'win_rate_after': 0.65, 'shift': 0.275}]",2026-07-13T23:23:09.888911+00:00
918944105,class4_candidate_downward_shift,90,0.533,[50],"[{'match_index': 50, 'win_rate_before': 0.675, 'win_rate_after': 0.325, 'shift': -0.35}]",2026-07-13T23:23:14.154109+00:00
330762311,class5_candidate_persistent_underperformance,234,0.406,[],[],2026-07-13T23:24:55.459124+00:00
193235135,class4_candidate_downward_shift,1547,0.513,"[1130, 1170, 1505]","[{'match_index': 1130, 'win_rate_before': 0.4, 'win_rate_after': 0.15, 'shift': -0.25}, {'match_index': 1170, 'win_rate_before': 0.15, 'win_rate_after': 0.6, 'shift': 0.45}, {'match_index': 1505, 'win_rate_before': 0.725, 'win_rate_after': 0.275, 'shift': -0.45}]",2026-07-13T23:26:14.538993+00:00
137890013,class2_3_candidate_upward_shift,664,0.524,[595],"[{'match_index': 595, 'win_rate_before': 0.475, 'win_rate_after': 0.975, 'shift': 0.5}]",2026-07-13T23:26:16.955268+00:00
92883071,class5_candidate_persistent_underperformance,400,0.417,[],[],2026-07-13T23:26:40.058695+00:00
986908842,class2_3_candidate_upward_shift,372,0.487,[225],"[{'match_index': 225, 'win_rate_before': 0.35, 'win_rate_after': 0.8, 'shift': 0.45}]",2026-07-13T23:26:40.090645+00:00
391742253,class4_candidate_downward_shift,670,0.522,"[240, 370]","[{'match_index': 240, 'win_rate_before': 0.625, 'win_rate_after': 0.35, 'shift': -0.275}, {'match_index': 370, 'win_rate_before': 0.375, 'win_rate_after': 0.65, 'shift': 0.275}]",2026-07-13T23:27:47.521308+00:00
227853722,class2_3_candidate_upward_shift,386,0.51,"[295, 335]","[{'match_index': 295, 'win_rate_before': 0.45, 'win_rate_after': 0.9, 'shift': 0.45}, {'match_index': 335, 'win_rate_before': 0.9, 'win_rate_after': 0.425, 'shift': -0.475}]",2026-07-13T23:28:05.067186+00:00
140903666,class2_3_candidate_upward_shift,2580,0.509,[2040],"[{'match_index': 2040, 'win_rate_before': 0.4, 'win_rate_after': 0.675, 'shift': 0.275}]",2026-07-13T23:28:38.292140+00:00
191646180,class2_3_candidate_upward_shift,1144,0.517,"[115, 1045]","[{'match_index': 115, 'win_rate_before': 0.125, 'win_rate_after': 0.7, 'shift': 0.575}, {'match_index': 1045, 'win_rate_before': 0.675, 'win_rate_after': 0.375, 'shift': -0.3}]",2026-07-13T23:32:53.187621+00:00
185732067,class4_candidate_downward_shift,1078,0.507,[585],"[{'match_index': 585, 'win_rate_before': 0.675, 'win_rate_after': 0.3, 'shift': -0.375}]",2026-07-13T23:33:13.138724+00:00
166243346,class4_candidate_downward_shift,365,0.504,"[215, 275]","[{'match_index': 215, 'win_rate_before': 0.5, 'win_rate_after': 0.2, 'shift': -0.3}, {'match_index': 275, 'win_rate_before': 0.275, 'win_rate_after': 0.6, 'shift': 0.325}]",2026-07-13T23:33:26.193602+00:00
147983404,class5_candidate_persistent_underperformance,578,0.45,[],[],2026-07-13T23:33:26.352099+00:00
190572905,class4_candidate_downward_shift,1068,0.505,[305],"[{'match_index': 305, 'win_rate_before': 0.6, 'win_rate_after': 0.4, 'shift': -0.2}]",2026-07-13T23:33:48.533693+00:00
1419728405,class2_3_candidate_upward_shift,552,0.663,[130],"[{'match_index': 130, 'win_rate_before': 0.5, 'win_rate_after': 0.85, 'shift': 0.35}]",2026-07-13T23:35:54.244799+00:00
332327448,class2_3_candidate_upward_shift,992,0.54,[350],"[{'match_index': 350, 'win_rate_before': 0.3, 'win_rate_after': 0.675, 'shift': 0.375}]",2026-07-13T23:35:56.566096+00:00
255296465,class4_candidate_downward_shift,7165,0.494,[6620],"[{'match_index': 6620, 'win_rate_before': 0.55, 'win_rate_after': 0.325, 'shift': -0.225}]",2026-07-13T23:36:52.638806+00:00
174688437,class4_candidate_downward_shift,2198,0.507,[1785],"[{'match_index': 1785, 'win_rate_before': 0.7, 'win_rate_after': 0.275, 'shift': -0.425}]",2026-07-13T23:38:28.189638+00:00
249695700,class4_candidate_downward_shift,9573,0.504,"[5345, 5595]","[{'match_index': 5345, 'win_rate_before': 0.475, 'win_rate_after': 0.2, 'shift': -0.275}, {'match_index': 5595, 'win_rate_before': 0.25, 'win_rate_after': 0.5, 'shift': 0.25}]",2026-07-13T23:43:03.343414+00:00
154436181,class2_3_candidate_upward_shift,4632,0.506,"[4320, 4380]","[{'match_index': 4320, 'win_rate_before': 0.475, 'win_rate_after': 0.875, 'shift': 0.4}, {'match_index': 4380, 'win_rate_before': 0.925, 'win_rate_after': 0.45, 'shift': -0.475}]",2026-07-13T23:46:58.652925+00:00
178521512,class2_3_candidate_upward_shift,3229,0.522,"[1020, 1560, 2590, 2875]","[{'match_index': 1020, 'win_rate_before': 0.525, 'win_rate_after': 0.75, 'shift': 0.225}, {'match_index': 1560, 'win_rate_before': 0.675, 'win_rate_after': 0.35, 'shift': -0.325}, {'match_index': 2590, 'win_rate_before': 0.375, 'win_rate_after': 0.75, 'shift': 0.375}, {'match_index': 2875, 'win_rate_before': 0.75, 'win_rate_after': 0.475, 'shift': -0.275}]",2026-07-13T23:48:33.890708+00:00
25519564,class4_candidate_downward_shift,1524,0.503,[1340],"[{'match_index': 1340, 'win_rate_before': 0.5, 'win_rate_after': 0.4, 'shift': -0.1}]",2026-07-13T23:48:34.877037+00:00
128304636,class5_candidate_persistent_underperformance,116,0.405,[],[],2026-07-13T23:49:42.143821+00:00
1252232196,class4_candidate_downward_shift,200,0.51,[100],"[{'match_index': 100, 'win_rate_before': 0.675, 'win_rate_after': 0.3, 'shift': -0.375}]",2026-07-13T23:53:41.790593+00:00
253559451,class2_3_candidate_upward_shift,520,0.544,[375],"[{'match_index': 375, 'win_rate_before': 0.45, 'win_rate_after': 0.725, 'shift': 0.275}]",2026-07-13T23:54:40.421870+00:00
341739872,class2_3_candidate_upward_shift,2094,0.473,"[1050, 1130]","[{'match_index': 1050, 'win_rate_before': 0.425, 'win_rate_after': 0.775, 'shift': 0.35}, {'match_index': 1130, 'win_rate_before': 0.775, 'win_rate_after': 0.525, 'shift': -0.25}]",2026-07-13T23:54:53.908279+00:00
141519081,class2_3_candidate_upward_shift,255,0.596,[140],"[{'match_index': 140, 'win_rate_before': 0.45, 'win_rate_after': 0.8, 'shift': 0.35}]",2026-07-13T23:58:01.773865+00:00
256526468,class2_3_candidate_upward_shift,711,0.523,"[225, 350]","[{'match_index': 225, 'win_rate_before': 0.475, 'win_rate_after': 0.8, 'shift': 0.325}, {'match_index': 350, 'win_rate_before': 0.7, 'win_rate_after': 0.2, 'shift': -0.5}]",2026-07-14T00:06:35.427819+00:00
1077494695,class2_3_candidate_upward_shift,6720,0.494,"[3170, 3315]","[{'match_index': 3170, 'win_rate_before': 0.5, 'win_rate_after': 0.75, 'shift': 0.25}, {'match_index': 3315, 'win_rate_before': 0.65, 'win_rate_after': 0.4, 'shift': -0.25}]",2026-07-14T00:07:21.300945+00:00
443205943,class2_3_candidate_upward_shift,1036,0.487,[560],"[{'match_index': 560, 'win_rate_before': 0.35, 'win_rate_after': 0.625, 'shift': 0.275}]",2026-07-14T00:12:28.792813+00:00
867730923,class4_candidate_downward_shift,132,0.705,[85],"[{'match_index': 85, 'win_rate_before': 0.9, 'win_rate_after': 0.575, 'shift': -0.325}]",2026-07-14T00:13:21.668721+00:00
189269729,class4_candidate_downward_shift,200,0.68,[50],"[{'match_index': 50, 'win_rate_before': 0.85, 'win_rate_after': 0.6, 'shift': -0.25}]",2026-07-14T00:14:20.785101+00:00
80905203,class5_candidate_persistent_underperformance,143,0.434,[],[],2026-07-14T00:17:26.329962+00:00
276260170,class5_candidate_persistent_underperformance,661,0.449,[],[],2026-07-14T00:17:41.417174+00:00
162663448,class4_candidate_downward_shift,2977,0.483,"[260, 675]","[{'match_index': 260, 'win_rate_before': 0.625, 'win_rate_after': 0.375, 'shift': -0.25}, {'match_index': 675, 'win_rate_before': 0.325, 'win_rate_after': 0.625, 'shift': 0.3}]",2026-07-14T00:17:45.172335+00:00
849183249,class5_candidate_persistent_underperformance,128,0.43,[],[],2026-07-14T00:19:26.907346+00:00
142554861,class5_candidate_persistent_underperformance,188,0.426,[],[],2026-07-14T00:20:43.666083+00:00
51111991,class5_candidate_persistent_underperformance,186,0.403,[],[],2026-07-14T00:22:20.476184+00:00
863339931,class4_candidate_downward_shift,1859,0.474,[1485],"[{'match_index': 1485, 'win_rate_before': 0.55, 'win_rate_after': 0.4, 'shift': -0.15}]",2026-07-14T00:26:40.608278+00:00
172195971,class2_3_candidate_upward_shift,1689,0.519,[180],"[{'match_index': 180, 'win_rate_before': 0.35, 'win_rate_after': 0.675, 'shift': 0.325}]",2026-07-14T00:28:10.419245+00:00
228115941,class5_candidate_persistent_underperformance,192,0.438,[],[],2026-07-14T00:28:16.078750+00:00
345304043,class4_candidate_downward_shift,2720,0.515,"[75, 145, 330]","[{'match_index': 75, 'win_rate_before': 0.85, 'win_rate_after': 0.325, 'shift': -0.525}, {'match_index': 145, 'win_rate_before': 0.375, 'win_rate_after': 0.825, 'shift': 0.45}, {'match_index': 330, 'win_rate_before': 0.775, 'win_rate_after': 0.525, 'shift': -0.25}]",2026-07-14T00:29:38.007997+00:00
243827703,class4_candidate_downward_shift,2314,0.509,[415],"[{'match_index': 415, 'win_rate_before': 0.7, 'win_rate_after': 0.45, 'shift': -0.25}]",2026-07-14T00:30:34.158831+00:00
731546331,class4_candidate_downward_shift,1481,0.52,[645],"[{'match_index': 645, 'win_rate_before': 0.625, 'win_rate_after': 0.4, 'shift': -0.225}]",2026-07-14T00:31:44.678030+00:00
444180873,class4_candidate_downward_shift,1113,0.541,[325],"[{'match_index': 325, 'win_rate_before': 0.725, 'win_rate_after': 0.525, 'shift': -0.2}]",2026-07-14T00:31:45.185979+00:00
349077951,class5_candidate_persistent_underperformance,103,0.417,[],[],2026-07-14T00:31:47.535990+00:00
364939883,class2_3_candidate_upward_shift,1046,0.566,"[70, 225]","[{'match_index': 70, 'win_rate_before': 0.5, 'win_rate_after': 0.85, 'shift': 0.35}, {'match_index': 225, 'win_rate_before': 0.8, 'win_rate_after': 0.525, 'shift': -0.275}]",2026-07-14T00:34:07.682188+00:00
212666995,class2_3_candidate_upward_shift,1792,0.493,"[55, 165]","[{'match_index': 55, 'win_rate_before': 0.325, 'win_rate_after': 0.75, 'shift': 0.425}, {'match_index': 165, 'win_rate_before': 0.825, 'win_rate_after': 0.525, 'shift': -0.3}]",2026-07-14T00:34:09.190310+00:00
1278937309,class4_candidate_downward_shift,659,0.516,"[275, 380]","[{'match_index': 275, 'win_rate_before': 0.7, 'win_rate_after': 0.25, 'shift': -0.45}, {'match_index': 380, 'win_rate_before': 0.275, 'win_rate_after': 0.525, 'shift': 0.25}]",2026-07-14T00:35:31.971895+00:00
894173995,class4_candidate_downward_shift,1153,0.542,"[780, 875]","[{'match_index': 780, 'win_rate_before': 0.525, 'win_rate_after': 0.25, 'shift': -0.275}, {'match_index': 875, 'win_rate_before': 0.175, 'win_rate_after': 0.475, 'shift': 0.3}]",2026-07-14T00:37:50.940094+00:00
1184074629,class2_3_candidate_upward_shift,3930,0.517,[3575],"[{'match_index': 3575, 'win_rate_before': 0.425, 'win_rate_after': 0.85, 'shift': 0.425}]",2026-07-14T00:39:05.967102+00:00
192807963,class5_candidate_persistent_underperformance,263,0.369,[],[],2026-07-14T00:42:36.651096+00:00
864226426,class2_3_candidate_upward_shift,1296,0.49,[1205],"[{'match_index': 1205, 'win_rate_before': 0.375, 'win_rate_after': 0.775, 'shift': 0.4}]",2026-07-14T00:43:25.148372+00:00
463872724,class4_candidate_downward_shift,1748,0.491,"[1245, 1455, 1505]","[{'match_index': 1245, 'win_rate_before': 0.6, 'win_rate_after': 0.25, 'shift': -0.35}, {'match_index': 1455, 'win_rate_before': 0.4, 'win_rate_after': 0.85, 'shift': 0.45}, {'match_index': 1505, 'win_rate_before': 0.8, 'win_rate_after': 0.475, 'shift': -0.325}]",2026-07-14T00:43:28.330286+00:00
221548298,class4_candidate_downward_shift,665,0.489,[300],"[{'match_index': 300, 'win_rate_before': 0.675, 'win_rate_after': 0.425, 'shift': -0.25}]",2026-07-14T00:43:28.866542+00:00
413829811,class4_candidate_downward_shift,494,0.526,"[120, 225, 405]","[{'match_index': 120, 'win_rate_before': 0.525, 'win_rate_after': 0.25, 'shift': -0.275}, {'match_index': 225, 'win_rate_before': 0.325, 'win_rate_after': 0.675, 'shift': 0.35}, {'match_index': 405, 'win_rate_before': 0.75, 'win_rate_after': 0.4, 'shift': -0.35}]",2026-07-14T00:47:14.895957+00:00
100860741,class2_3_candidate_upward_shift,387,0.563,[315],"[{'match_index': 315, 'win_rate_before': 0.4, 'win_rate_after': 0.95, 'shift': 0.55}]",2026-07-14T00:48:23.293002+00:00
174884250,class2_3_candidate_upward_shift,1884,0.503,[80],"[{'match_index': 80, 'win_rate_before': 0.2, 'win_rate_after': 0.45, 'shift': 0.25}]",2026-07-14T00:48:27.499771+00:00
24667304,class5_candidate_persistent_underperformance,269,0.442,[],[],2026-07-14T00:48:51.996961+00:00
411632816,class2_3_candidate_upward_shift,754,0.521,"[175, 225]","[{'match_index': 175, 'win_rate_before': 0.5, 'win_rate_after': 0.9, 'shift': 0.4}, {'match_index': 225, 'win_rate_before': 0.85, 'win_rate_after': 0.5, 'shift': -0.35}]",2026-07-14T00:48:52.155350+00:00
459014180,class4_candidate_downward_shift,2113,0.538,"[1430, 1475]","[{'match_index': 1430, 'win_rate_before': 0.5, 'win_rate_after': 0.15, 'shift': -0.35}, {'match_index': 1475, 'win_rate_before': 0.15, 'win_rate_after': 0.825, 'shift': 0.675}]",2026-07-14T00:50:07.339074+00:00
107939302,class2_3_candidate_upward_shift,2997,0.49,"[270, 435]","[{'match_index': 270, 'win_rate_before': 0.425, 'win_rate_after': 0.675, 'shift': 0.25}, {'match_index': 435, 'win_rate_before': 0.675, 'win_rate_after': 0.475, 'shift': -0.2}]",2026-07-14T00:51:11.122241+00:00
1176864269,class2_3_candidate_upward_shift,3062,0.498,"[75, 235, 530]","[{'match_index': 75, 'win_rate_before': 0.4, 'win_rate_after': 0.7, 'shift': 0.3}, {'match_index': 235, 'win_rate_before': 0.7, 'win_rate_after': 0.4, 'shift': -0.3}, {'match_index': 530, 'win_rate_before': 0.325, 'win_rate_after': 0.6, 'shift': 0.275}]",2026-07-14T00:53:21.903234+00:00
139429176,class5_candidate_persistent_underperformance,1692,0.45,[],[],2026-07-14T00:53:23.230973+00:00
320515151,class4_candidate_downward_shift,2810,0.503,"[1980, 2060, 2375]","[{'match_index': 1980, 'win_rate_before': 0.55, 'win_rate_after': 0.25, 'shift': -0.3}, {'match_index': 2060, 'win_rate_before': 0.25, 'win_rate_after': 0.775, 'shift': 0.525}, {'match_index': 2375, 'win_rate_before': 0.6, 'win_rate_after': 0.2, 'shift': -0.4}]",2026-07-14T00:53:26.697123+00:00
192447122,class2_3_candidate_upward_shift,870,0.495,"[55, 775]","[{'match_index': 55, 'win_rate_before': 0.1, 'win_rate_after': 0.625, 'shift': 0.525}, {'match_index': 775, 'win_rate_before': 0.625, 'win_rate_after': 0.3, 'shift': -0.325}]",2026-07-14T00:53:27.339888+00:00
87492233,class5_candidate_persistent_underperformance,149,0.43,[],[],2026-07-14T00:54:47.880873+00:00
378768640,class5_candidate_persistent_underperformance,308,0.347,[],[],2026-07-14T00:54:51.636598+00:00
140115282,class5_candidate_persistent_underperformance,108,0.343,[],[],2026-07-14T00:55:23.155461+00:00
388711387,class4_candidate_downward_shift,2718,0.523,[1110],"[{'match_index': 1110, 'win_rate_before': 0.675, 'win_rate_after': 0.425, 'shift': -0.25}]",2026-07-14T00:56:05.031283+00:00
371754910,class2_3_candidate_upward_shift,5448,0.512,"[5095, 5185]","[{'match_index': 5095, 'win_rate_before': 0.5, 'win_rate_after': 0.875, 'shift': 0.375}, {'match_index': 5185, 'win_rate_before': 0.825, 'win_rate_after': 0.375, 'shift': -0.45}]",2026-07-14T00:59:11.605924+00:00
457705517,class4_candidate_downward_shift,2249,0.528,[2175],"[{'match_index': 2175, 'win_rate_before': 0.625, 'win_rate_after': 0.125, 'shift': -0.5}]",2026-07-14T00:59:42.612888+00:00
1266224704,class4_candidate_downward_shift,286,0.5,[155],"[{'match_index': 155, 'win_rate_before': 0.625, 'win_rate_after': 0.15, 'shift': -0.475}]",2026-07-14T01:02:29.430476+00:00
183264095,class4_candidate_downward_shift,1283,0.539,[980],"[{'match_index': 980, 'win_rate_before': 0.55, 'win_rate_after': 0.4, 'shift': -0.15}]",2026-07-14T01:02:35.790813+00:00
1079673746,class2_3_candidate_upward_shift,1975,0.519,"[75, 250, 880, 1235, 1335, 1690]","[{'match_index': 75, 'win_rate_before': 0.425, 'win_rate_after': 0.775, 'shift': 0.35}, {'match_index': 250, 'win_rate_before': 0.65, 'win_rate_after': 0.425, 'shift': -0.225}, {'match_index': 880, 'win_rate_before': 0.4, 'win_rate_after': 0.65, 'shift': 0.25}, {'match_index': 1235, 'win_rate_before': 0.575, 'win_rate_after': 0.325, 'shift': -0.25}, {'match_index': 1335, 'win_rate_before': 0.225, 'win_rate_after': 0.625, 'shift': 0.4}, {'match_index': 1690, 'win_rate_before': 0.6, 'win_rate_after': 0.25, 'shift': -0.35}]",2026-07-14T01:02:39.130314+00:00
351954263,class4_candidate_downward_shift,7440,0.499,"[6810, 7020]","[{'match_index': 6810, 'win_rate_before': 0.45, 'win_rate_after': 0.3, 'shift': -0.15}, {'match_index': 7020, 'win_rate_before': 0.25, 'win_rate_after': 0.6, 'shift': 0.35}]",2026-07-14T01:05:21.642320+00:00
174466215,class5_candidate_persistent_underperformance,262,0.424,[],[],2026-07-14T01:06:22.657471+00:00
101746145,class4_candidate_downward_shift,476,0.511,[395],"[{'match_index': 395, 'win_rate_before': 0.475, 'win_rate_after': 0.4, 'shift': -0.075}]",2026-07-14T01:07:51.449554+00:00
142837238,class4_candidate_downward_shift,2073,0.526,[325],"[{'match_index': 325, 'win_rate_before': 0.675, 'win_rate_after': 0.5, 'shift': -0.175}]",2026-07-14T01:08:03.130792+00:00
301801631,class2_3_candidate_upward_shift,2605,0.504,[280],"[{'match_index': 280, 'win_rate_before': 0.275, 'win_rate_after': 0.575, 'shift': 0.3}]",2026-07-14T01:10:05.334224+00:00
155157607,class4_candidate_downward_shift,2332,0.529,[540],"[{'match_index': 540, 'win_rate_before': 0.8, 'win_rate_after': 0.45, 'shift': -0.35}]",2026-07-14T01:13:41.162594+00:00
210707567,class4_candidate_downward_shift,496,0.556,[80],"[{'match_index': 80, 'win_rate_before': 0.825, 'win_rate_after': 0.55, 'shift': -0.275}]",2026-07-14T01:13:41.280718+00:00
188851478,class4_candidate_downward_shift,1725,0.565,[460],"[{'match_index': 460, 'win_rate_before': 0.7, 'win_rate_after': 0.4, 'shift': -0.3}]",2026-07-14T01:13:43.710736+00:00
254838051,class2_3_candidate_upward_shift,3549,0.504,"[1230, 1390]","[{'match_index': 1230, 'win_rate_before': 0.55, 'win_rate_after': 0.775, 'shift': 0.225}, {'match_index': 1390, 'win_rate_before': 0.775, 'win_rate_after': 0.5, 'shift': -0.275}]",2026-07-14T01:13:48.134520+00:00
385851920,class2_3_candidate_upward_shift,429,0.676,"[40, 350]","[{'match_index': 40, 'win_rate_before': 0.025, 'win_rate_after': 0.95, 'shift': 0.925}, {'match_index': 350, 'win_rate_before': 0.775, 'win_rate_after': 0.575, 'shift': -0.2}]",2026-07-14T01:18:20.676802+00:00
75089533,class4_candidate_downward_shift,578,0.567,[305],"[{'match_index': 305, 'win_rate_before': 0.725, 'win_rate_after': 0.375, 'shift': -0.35}]",2026-07-14T01:18:20.836311+00:00
348654872,class4_candidate_downward_shift,230,0.6,[150],"[{'match_index': 150, 'win_rate_before': 0.725, 'win_rate_after': 0.3, 'shift': -0.425}]",2026-07-14T01:18:33.711007+00:00
168430880,class2_3_candidate_upward_shift,5138,0.481,"[220, 280]","[{'match_index': 220, 'win_rate_before': 0.35, 'win_rate_after': 0.875, 'shift': 0.525}, {'match_index': 280, 'win_rate_before': 0.875, 'win_rate_after': 0.35, 'shift': -0.525}]",2026-07-14T01:18:47.932881+00:00
910067901,class2_3_candidate_upward_shift,7594,0.505,"[3645, 3990]","[{'match_index': 3645, 'win_rate_before': 0.475, 'win_rate_after': 0.725, 'shift': 0.25}, {'match_index': 3990, 'win_rate_before': 0.725, 'win_rate_after': 0.525, 'shift': -0.2}]",2026-07-14T01:20:58.546525+00:00
333589138,class2_3_candidate_upward_shift,3213,0.519,"[1765, 2950]","[{'match_index': 1765, 'win_rate_before': 0.375, 'win_rate_after': 0.675, 'shift': 0.3}, {'match_index': 2950, 'win_rate_before': 0.725, 'win_rate_after': 0.4, 'shift': -0.325}]",2026-07-14T01:27:56.496264+00:00
154781074,class2_3_candidate_upward_shift,2152,0.509,"[855, 1045, 1610]","[{'match_index': 855, 'win_rate_before': 0.45, 'win_rate_after': 0.825, 'shift': 0.375}, {'match_index': 1045, 'win_rate_before': 0.7, 'win_rate_after': 0.325, 'shift': -0.375}, {'match_index': 1610, 'win_rate_before': 0.375, 'win_rate_after': 0.65, 'shift': 0.275}]",2026-07-14T01:28:11.787601+00:00
112395457,class2_3_candidate_upward_shift,6843,0.501,"[3255, 3360]","[{'match_index': 3255, 'win_rate_before': 0.45, 'win_rate_after': 0.925, 'shift': 0.475}, {'match_index': 3360, 'win_rate_before': 0.85, 'win_rate_after': 0.325, 'shift': -0.525}]",2026-07-14T01:28:30.349782+00:00
22013134,class5_candidate_persistent_underperformance,444,0.432,[],[],2026-07-14T01:28:30.432951+00:00
271255024,class5_candidate_persistent_underperformance,189,0.45,[],[],2026-07-14T01:32:50.502540+00:00
211044802,class4_candidate_downward_shift,2902,0.496,[200],"[{'match_index': 200, 'win_rate_before': 0.675, 'win_rate_after': 0.475, 'shift': -0.2}]",2026-07-14T01:33:46.028826+00:00
182700489,class2_3_candidate_upward_shift,1976,0.572,"[70, 375, 1185, 1480, 1650, 1745]","[{'match_index': 70, 'win_rate_before': 0.5, 'win_rate_after': 0.75, 'shift': 0.25}, {'match_index': 375, 'win_rate_before': 0.725, 'win_rate_after': 0.525, 'shift': -0.2}, {'match_index': 1185, 'win_rate_before': 0.5, 'win_rate_after': 0.9, 'shift': 0.4}, {'match_index': 1480, 'win_rate_before': 0.85, 'win_rate_after': 0.35, 'shift': -0.5}, {'match_index': 1650, 'win_rate_before': 0.35, 'win_rate_after': 0.625, 'shift': 0.275}, {'match_index': 1745, 'win_rate_before': 0.775, 'win_rate_after': 0.25, 'shift': -0.525}]",2026-07-14T01:33:46.957996+00:00
74122753,class5_candidate_persistent_underperformance,321,0.421,[],[],2026-07-14T01:34:00.847830+00:00
205636927,class5_candidate_persistent_underperformance,946,0.449,[],[],2026-07-14T01:35:26.023692+00:00
1251608958,class4_candidate_downward_shift,364,0.5,[115],"[{'match_index': 115, 'win_rate_before': 0.625, 'win_rate_after': 0.4, 'shift': -0.225}]",2026-07-14T01:36:30.085122+00:00
213966554,class2_3_candidate_upward_shift,952,0.582,[670],"[{'match_index': 670, 'win_rate_before': 0.525, 'win_rate_after': 0.7, 'shift': 0.175}]",2026-07-14T01:37:34.918853+00:00
467403114,class2_3_candidate_upward_shift,2105,0.539,"[520, 700, 890, 960, 1615, 2025]","[{'match_index': 520, 'win_rate_before': 0.425, 'win_rate_after': 0.675, 'shift': 0.25}, {'match_index': 700, 'win_rate_before': 0.65, 'win_rate_after': 0.45, 'shift': -0.2}, {'match_index': 890, 'win_rate_before': 0.3, 'win_rate_after': 0.825, 'shift': 0.525}, {'match_index': 960, 'win_rate_before': 0.8, 'win_rate_after': 0.525, 'shift': -0.275}, {'match_index': 1615, 'win_rate_before': 0.425, 'win_rate_after': 0.675, 'shift': 0.25}, {'match_index': 2025, 'win_rate_before': 0.625, 'win_rate_after': 0.375, 'shift': -0.25}]",2026-07-14T01:39:13.191128+00:00
60401892,class5_candidate_persistent_underperformance,548,0.38,[],[],2026-07-14T01:39:54.763410+00:00
136547953,class2_3_candidate_upward_shift,7099,0.5,[6625],"[{'match_index': 6625, 'win_rate_before': 0.4, 'win_rate_after': 0.7, 'shift': 0.3}]",2026-07-14T01:40:11.009443+00:00
170772598,class2_3_candidate_upward_shift,4578,0.523,"[1895, 2025, 2630, 2835, 3450, 4520]","[{'match_index': 1895, 'win_rate_before': 0.475, 'win_rate_after': 0.775, 'shift': 0.3}, {'match_index': 2025, 'win_rate_before': 0.825, 'win_rate_after': 0.525, 'shift': -0.3}, {'match_index': 2630, 'win_rate_before': 0.725, 'win_rate_after': 0.3, 'shift': -0.425}, {'match_index': 2835, 'win_rate_before': 0.3, 'win_rate_after': 0.55, 'shift': 0.25}, {'match_index': 3450, 'win_rate_before': 0.325, 'win_rate_after': 0.75, 'shift': 0.425}, {'match_index': 4520, 'win_rate_before': 0.675, 'win_rate_after': 0.125, 'shift': -0.55}]",2026-07-14T01:40:32.146003+00:00
377357035,class2_3_candidate_upward_shift,1413,0.528,"[155, 755]","[{'match_index': 155, 'win_rate_before': 0.425, 'win_rate_after': 0.7, 'shift': 0.275}, {'match_index': 755, 'win_rate_before': 0.6, 'win_rate_after': 0.375, 'shift': -0.225}]",2026-07-14T01:42:20.894199+00:00
298959435,class2_3_candidate_upward_shift,2418,0.498,"[190, 240, 415, 535, 800, 890, 1025, 1360]","[{'match_index': 190, 'win_rate_before': 0.475, 'win_rate_after': 0.9, 'shift': 0.425}, {'match_index': 240, 'win_rate_before': 0.975, 'win_rate_after': 0.4, 'shift': -0.575}, {'match_index': 415, 'win_rate_before': 0.475, 'win_rate_after': 0.725, 'shift': 0.25}, {'match_index': 535, 'win_rate_before': 0.825, 'win_rate_after': 0.5, 'shift': -0.325}, {'match_index': 800, 'win_rate_before': 0.275, 'win_rate_after': 0.725, 'shift': 0.45}, {'match_index': 890, 'win_rate_before': 0.95, 'win_rate_after': 0.275, 'shift': -0.675}, {'match_index': 1025, 'win_rate_before': 0.35, 'win_rate_after': 0.5, 'shift': 0.15}, {'match_index': 1360, 'win_rate_before': 0.725, 'win_rate_after': 0.375, 'shift': -0.35}]",2026-07-14T01:49:00.557680+00:00
1419316940,class2_3_candidate_upward_shift,738,0.583,[570],"[{'match_index': 570, 'win_rate_before': 0.45, 'win_rate_after': 0.85, 'shift': 0.4}]",2026-07-14T01:49:24.256695+00:00
109772891,class5_candidate_persistent_underperformance,373,0.432,[],[],2026-07-14T01:49:31.867724+00:00
194437290,class5_candidate_persistent_underperformance,291,0.433,[],[],2026-07-14T01:50:27.250040+00:00
397952044,class2_3_candidate_upward_shift,642,0.502,[500],"[{'match_index': 500, 'win_rate_before': 0.5, 'win_rate_after': 0.8, 'shift': 0.3}]",2026-07-14T01:50:59.740489+00:00
299927068,class4_candidate_downward_shift,468,0.5,[240],"[{'match_index': 240, 'win_rate_before': 0.675, 'win_rate_after': 0.4, 'shift': -0.275}]",2026-07-14T01:51:16.274819+00:00
85724133,class5_candidate_persistent_underperformance,496,0.448,[],[],2026-07-14T01:52:58.804327+00:00
140485342,class2_3_candidate_upward_shift,855,0.545,"[690, 790]","[{'match_index': 690, 'win_rate_before': 0.525, 'win_rate_after': 0.925, 'shift': 0.4}, {'match_index': 790, 'win_rate_before': 0.9, 'win_rate_after': 0.55, 'shift': -0.35}]",2026-07-14T01:57:05.688391+00:00
74301832,class5_candidate_persistent_underperformance,248,0.403,[],[],2026-07-14T01:57:41.070905+00:00
46522776,class4_candidate_downward_shift,501,0.487,[455],"[{'match_index': 455, 'win_rate_before': 0.75, 'win_rate_after': 0.225, 'shift': -0.525}]",2026-07-14T01:57:41.193471+00:00
113977389,class5_candidate_persistent_underperformance,182,0.423,[],[],2026-07-14T01:57:46.149175+00:00
371049911,class2_3_candidate_upward_shift,1958,0.537,"[1640, 1715]","[{'match_index': 1640, 'win_rate_before': 0.4, 'win_rate_after': 0.775, 'shift': 0.375}, {'match_index': 1715, 'win_rate_before': 0.875, 'win_rate_after': 0.425, 'shift': -0.45}]",2026-07-14T01:57:58.598393+00:00
257566939,class5_candidate_persistent_underperformance,206,0.432,[],[],2026-07-14T01:57:58.613678+00:00
442239155,class4_candidate_downward_shift,1075,0.526,[625],"[{'match_index': 625, 'win_rate_before': 0.65, 'win_rate_after': 0.475, 'shift': -0.175}]",2026-07-14T01:59:25.223274+00:00
327618089,class2_3_candidate_upward_shift,1156,0.552,[1010],"[{'match_index': 1010, 'win_rate_before': 0.425, 'win_rate_after': 0.825, 'shift': 0.4}]",2026-07-14T01:59:30.137471+00:00
162433771,class2_3_candidate_upward_shift,7219,0.502,"[95, 240]","[{'match_index': 95, 'win_rate_before': 0.5, 'win_rate_after': 0.825, 'shift': 0.325}, {'match_index': 240, 'win_rate_before': 0.925, 'win_rate_after': 0.425, 'shift': -0.5}]",2026-07-14T02:01:25.981429+00:00
909116184,class4_candidate_downward_shift,1611,0.51,[695],"[{'match_index': 695, 'win_rate_before': 0.575, 'win_rate_after': 0.325, 'shift': -0.25}]",2026-07-14T02:01:35.121360+00:00
130287930,class4_candidate_downward_shift,6731,0.505,[1320],"[{'match_index': 1320, 'win_rate_before': 0.575, 'win_rate_after': 0.4, 'shift': -0.175}]",2026-07-14T02:03:17.756916+00:00
149096791,class5_candidate_persistent_underperformance,520,0.41,[],[],2026-07-14T02:03:17.867383+00:00
367050870,class2_3_candidate_upward_shift,1060,0.558,"[145, 440]","[{'match_index': 145, 'win_rate_before': 0.125, 'win_rate_after': 0.6, 'shift': 0.475}, {'match_index': 440, 'win_rate_before': 0.725, 'win_rate_after': 0.575, 'shift': -0.15}]",2026-07-14T02:04:22.375220+00:00
295403707,class2_3_candidate_upward_shift,1837,0.535,"[145, 325]","[{'match_index': 145, 'win_rate_before': 0.45, 'win_rate_after': 0.825, 'shift': 0.375}, {'match_index': 325, 'win_rate_before': 0.825, 'win_rate_after': 0.425, 'shift': -0.4}]",2026-07-14T02:05:45.603990+00:00
128248888,class2_3_candidate_upward_shift,1350,0.476,"[230, 270]","[{'match_index': 230, 'win_rate_before': 0.5, 'win_rate_after': 0.875, 'shift': 0.375}, {'match_index': 270, 'win_rate_before': 0.875, 'win_rate_after': 0.325, 'shift': -0.55}]",2026-07-14T02:11:15.484576+00:00
295929907,class2_3_candidate_upward_shift,963,0.456,[210],"[{'match_index': 210, 'win_rate_before': 0.375, 'win_rate_after': 0.5, 'shift': 0.125}]",2026-07-14T02:14:29.595591+00:00
